<Backups xmlns="http://www.microsoft.com/GroupPolicy/GPOOperations/Manifest" xmlns:mfst="http://www.microsoft.com/GroupPolicy/GPOOperations/Manifest" mfst:version="1.0"><BackupInst><GPOGuid><![CDATA[{7FD3867E-F078-49DA-B993-79BFB47CF79D}]]></GPOGuid><GPODomain><![CDATA[security.local]]></GPODomain><GPODomainGuid><![CDATA[{2b127034-e676-4f54-b03a-e700e3004cb0}]]></GPODomainGuid><GPODomainController><![CDATA[GPOSrv2016.security.local]]></GPODomainController><BackupTime><![CDATA[2020-11-05T21:00:35]]></BackupTime><ID><![CDATA[{FD1693A6-2FCD-4911-8C10-63CBAFFEB145}]]></ID><Comment><![CDATA[]]></Comment><GPODisplayName><![CDATA[Local Policy DoD Windows Server 2012 R2 Member Server STIG User v3r1]]></GPODisplayName></BackupInst><BackupInst><GPOGuid><![CDATA[{0D994559-2FA7-4F88-A7F8-291EB23BAE14}]]></GPOGuid><GPODomain><![CDATA[security.local]]></GPODomain><GPODomainGuid><![CDATA[{2b127034-e676-4f54-b03a-e700e3004cb0}]]></GPODomainGuid><GPODomainController><![CDATA[GPOSrv2016.security.local]]></GPODomainController><BackupTime><![CDATA[2020-11-05T21:00:35]]></BackupTime><ID><![CDATA[{09C8786E-A7D3-422C-ACA9-FC1D358E8D22}]]></ID><Comment><![CDATA[]]></Comment><GPODisplayName><![CDATA[Local Policy DoD Windows Server 2012 R2 Member Server STIG Computer v3r1]]></GPODisplayName></BackupInst></Backups>