<Backups xmlns="http://www.microsoft.com/GroupPolicy/GPOOperations/Manifest" xmlns:mfst="http://www.microsoft.com/GroupPolicy/GPOOperations/Manifest" mfst:version="1.0"><BackupInst><GPOGuid><![CDATA[{FCD58B72-E374-426A-8615-49D2124BD91D}]]></GPOGuid><GPODomain><![CDATA[security.local]]></GPODomain><GPODomainGuid><![CDATA[{2b127034-e676-4f54-b03a-e700e3004cb0}]]></GPODomainGuid><GPODomainController><![CDATA[GPOSrv2016.security.local]]></GPODomainController><BackupTime><![CDATA[2020-11-05T20:55:17]]></BackupTime><ID><![CDATA[{A8ECEE71-EC3A-4FF4-B858-448908DF994D}]]></ID><Comment><![CDATA[]]></Comment><GPODisplayName><![CDATA[Local Policy DoD Windows 10 STIG User v2r1]]></GPODisplayName></BackupInst><BackupInst><GPOGuid><![CDATA[{8176C66F-2511-4084-9D0B-54810E34EADD}]]></GPOGuid><GPODomain><![CDATA[security.local]]></GPODomain><GPODomainGuid><![CDATA[{2b127034-e676-4f54-b03a-e700e3004cb0}]]></GPODomainGuid><GPODomainController><![CDATA[GPOSrv2016.security.local]]></GPODomainController><BackupTime><![CDATA[2020-11-05T20:55:16]]></BackupTime><ID><![CDATA[{323BBC59-4592-4E4C-9717-2143B0673995}]]></ID><Comment><![CDATA[]]></Comment><GPODisplayName><![CDATA[Local Policy DoD Windows 10 STIG Computer v2r1]]></GPODisplayName></BackupInst></Backups>